{"cameraMode":{"drawMode":0,"name":"Shaded","section":"Shading Mode"},"sceneLighting":false,"audioPlay":false,"sceneViewState":{"m_AlwaysRefresh":false,"showFog":true,"showSkybox":false,"showFlares":true,"showImageEffects":true,"showParticleSystems":true,"showVisualEffectGraphs":true,"m_FxEnabled":false},"in2DMode":false,"pivot":{"x":0.6629904508590698,"y":1.0366172790527344,"z":1.7478517293930054},"rotation":{"x":0.03218761086463928,"y":-0.9675821661949158,"z":0.19232870638370515,"w":0.16213306784629823},"size":0.724446177482605,"orthographic":false}